Horodateur,Êtes-vous ?,Dans quelle tranche d'âge êtes-vous ? ,"Allez-vous au musée ou à une exposition et à quelle fréquence ?
(si ""non"", vous pouvez répondre à cette question et envoyer le questionnaire tel quel)","Dans quel cadre allez-vous voir une exposition ou visiter un musée ?
(plusieurs réponses possibles)","Qu'est-ce qui vous motive / vous donne envie de faire cette sortie ? 
(plusieurs réponses possibles)","Lors de la visite, utilisez-vous un audioguide ?",Pourquoi ? Qu'est-ce qui vous pousse à prendre ou non l'audioguide en plus de la visite ?,"Les audioguides proposent parfois des parcours à thème (œuvres incontournables, enfant, spécial roi de France, spécial œuvres de femmes, etc.), les utilisez-vous ?","Les audioguides ont parfois un écran sur lequel vous pouvez interagir, avec des informations supplémentaires (plan d'une carte, portrait d'un peintre, etc.)",Vous est-il arrivé d'utiliser une application mobile comme audioguide ? ,Que pensez-vous de l'idée de proposer un audioguide sur votre téléphone ?,Pourquoi ?,"Un musée vous propose les deux options, que prenez-vous ?",Pourquoi ?,"S'il existait une application unique qui propose un audioguide pour plusieurs musées ou expositions, seriez-vous prêt à la télécharger et/ou à la garder sur votre téléphone après une visite ?","S'il existait un format podcast d'une visite guidée, un audio de 1h qui vous guide tout au long de la visite et ne nécessite pas d'interaction avec le téléphone, seriez-vous intéressé ?","De même, si un intervenant de ce podcast est une personne que vous connaissez (influenceur, personnalité culturelle connue, etc.) ?",Quel type de contenu audio fonctionne le mieux avec vous ? ,Remarques
07/07/2025 12:46:40,Une femme,18-25,Oui - Environ tous les mois,Avec des amis,"Apprendre / s'instruire, Contempler et voir de belles oeuvres",Parfois (40-60% du temps),"Tout dépend du musée : s’il s’agit d’un grand musée comme le Louvre, avec de belles œuvres qui se suffisent à elles mêmes, alors moins besoin de l’audioguide car : du fait du grand nombre d’œuvres, on a souvent juste envie de se balader et de contempler celles qui accroche notre regard. EN revanche, petit musée, petite sélection d’œuvre, on a envie de comprendre ce que l’on voit car sinon la visite se ferait en 1 min et serait trop énigmatique = choix de l’audioguide. Selon moi :)",oui,"Je n'aime pas trop, je n'utilise pas instinctivement et préfère juste écouter l'audio",Oui,,"Barrière à l’entrée pour personne pas à l’aise avec le numérique, parfois telephone avec un stockage plein, envie de garder sa batterie etc. MAIS quand ces conditions sont bonnes, l’application est beaucoup plus attractive! ",Les applications mobiles,Le Nokia pas esthétique et touché par des milliers de personnes auparavant bon.. mais belle application hyper esthétique et intuitive c’est intéressant. ,Oui,,,,"Archi oui a la dernière question. Le pb de l’appli: devoir en télécharger une à chaque musée. 1 application far qui peut se retrouver dans plusieurs musées, et qui, au delà de la fonction d’audioguide, peut être utile pour apprendre des petites anecdotes ou autre : c’est cool! Je t’aime infiniment "
08/10/2025 15:23:05,Une femme,18-25,"Oui, 4 à 8 fois par an","En famille, Avec des amis, Cadre scolaire / universitaire","Apprendre / s'instruire, Contempler et voir de belles oeuvres, Passer du temps avec vos proches, Vous divertir",Presque jamais (0-20% du temps),"C’est mieux de parler avec ses proches sur les œuvres et découvrir avec son propre point de vue, souvent les audio guide sont « barbant »",non,"J'aime bien, je regarde de temps en temps et j'apprécie dans certains contextes",Non,J'aime bien,C’est plus ludique et personnel ,Les applications mobiles,,Non,Oui,"Oui, encore plus","Ton chaleureux, utilisation de verbes simples et d'anecdotes pour faciliter la compréhension.","Je ne suis pas très cliente daudioguide bien que je fasse bcp d’expos mais je pense oui que ce qui me pousserai à le faire ce serait l’aspect design et ludique de la chose pouvoir interagir, que ce soit par phase pas une perosnne qui nous ‘tunnel » tout le long avec plein d’information parfois pas toute intéressante et bien expliqué. Je préfère les anecdotes, le storytelling, l’émotion le côté ludique et design "
08/10/2025 15:23:32,Une femme,18-25,"Oui, 1 à 4 fois par an",Avec des amis,"Apprendre / s'instruire, Passer du temps avec vos proches, Vous divertir",A de rares occasions (20-40% du temps),,oui,"J'aime bien, je regarde de temps en temps et j'apprécie dans certains contextes",Oui,J'aime beaucoup,,Les applications mobiles,,Oui,Oui,"Oui, encore plus","Ton chaleureux, utilisation de verbes simples et d'anecdotes pour faciliter la compréhension.",
08/10/2025 15:25:25,Un homme,18-25,"Oui, 4 à 8 fois par an","Seul, En famille","Apprendre / s'instruire, Contempler et voir de belles oeuvres, Vous divertir",Parfois (40-60% du temps),Pour comprendre la langue ou pour avoir une expérience plus immersive,non,"J'aime beaucoup, ça me permet de compléter la visite et je regarde souvent",Oui,J'aime bien,,L'audioguide classique,,Oui,Non,"Oui, je change d'avis","Ton chaleureux, utilisation de verbes simples et d'anecdotes pour faciliter la compréhension.",
08/10/2025 15:28:44,Une femme,18-25,"Oui, 4 à 8 fois par an","En famille, Avec des amis","Apprendre / s'instruire, Contempler et voir de belles oeuvres, Passer du temps avec vos proches, Vous divertir",Presque jamais (0-20% du temps),"J’utilise un audio guide pour des expositions à l’étranger. Mais en France , les légendes suffisent à mon goût :) COUCOU LE G ",non,"J'aime beaucoup, ça me permet de compléter la visite et je regarde souvent",Non,J'aime beaucoup,"Plus facile sur les démarches, par exemple un QR code c’est cool ( différent d’une application à télécharger car contraignant )",,,Non,Non,"Oui, je change d'avis","Ton chaleureux, utilisation de verbes simples et d'anecdotes pour faciliter la compréhension.",Faudrait qu’on aille se prendre un verre un de ces quatre. Signée : ta camarade de sup de com 
08/10/2025 15:29:01,Une femme,18-25,"Oui, 4 à 8 fois par an","En famille, Avec des amis",Contempler et voir de belles oeuvres,A de rares occasions (20-40% du temps),"L’audioguide peut apporter plus de précisions, mais majoritairement je préfère contempler sans (pour expositions photo par exemple) ",non,"J'aime bien, je regarde de temps en temps et j'apprécie dans certains contextes",Non,J'aime bien,plus de praticité ,Les applications mobiles,"plus pratique, sûrement plus simple de retenir les informations en effectuant captures d’écran ",Oui,Oui,"Oui, encore plus","Ton chaleureux, utilisation de verbes simples et d'anecdotes pour faciliter la compréhension.",
08/10/2025 15:29:13,Une femme,25-40,"Oui, 1 à 4 fois par an","Seul, En famille, Avec des amis, Cadre scolaire / universitaire","Apprendre / s'instruire, Contempler et voir de belles oeuvres, Vous divertir",Presque jamais (0-20% du temps),"Pas le réflexe de le prendre, peur que l’explication ne soit pas assez synthétique. ",non,"J'aime bien, je regarde de temps en temps et j'apprécie dans certains contextes",Non,J'aime beaucoup,Avec les habitudes d’utilisation du téléphone et la facilité qu’ont les gens d’utiliser leur téléphone ça peut être un bon compromis ,Les applications mobiles,Plus à l’aise avec mon téléphone ,Oui,Oui,"Oui, je n'y prête pas d'importance","Ton chaleureux, utilisation de verbes simples et d'anecdotes pour faciliter la compréhension.",
08/10/2025 15:29:51,Une femme,18-25,"Oui, environ tous les mois",Avec des amis,Apprendre / s'instruire,A de rares occasions (20-40% du temps),Le prix ,oui,"J'aime beaucoup, ça me permet de compléter la visite et je regarde souvent",Oui,J'aime bien,J’aime bien mais je trouve que nous sommes déjà assez sur notre téléphone pour l’être aussi au musée ,Les applications mobiles,Plus pratique quand ,Oui,Oui,"Oui, je n'y prête pas d'importance","Ton chaleureux, utilisation de verbes simples et d'anecdotes pour faciliter la compréhension.",Étant jeune je pense que l’appli pourrait arranger bcp de monde mais pour des personnes plus âgés ça pourrait être plus compliqué à mettre en place 
08/10/2025 15:31:06,Une femme,18-25,"Oui, plusieurs fois par mois","Seul, Avec des amis, Cadre scolaire / universitaire","Apprendre / s'instruire, Contempler et voir de belles oeuvres, Vous divertir",Presque jamais (0-20% du temps),"J’aime bien aller à mon propre rythme et lire les cartels des œuvres, sans suivre. Mais ça peut être utile quand c’est un domaine que je ne connais pas ",non,"J'aime bien, je regarde de temps en temps et j'apprécie dans certains contextes",Oui,Je n'aime pas,"Pas forcément de réseau, de batterie, pas accessible au grand public (handicap, problèmes de vue, personnes âgées) ",L'audioguide classique,Plus intuitif et simple,Non,Oui,"Non, je n'y prête pas d'importance","Ton chaleureux, utilisation de verbes simples et d'anecdotes pour faciliter la compréhension.",Force pour le mémoire 
08/10/2025 15:36:56,Une femme,18-25,"Oui, 4 à 8 fois par an","Seul, Avec des amis","Apprendre / s'instruire, Contempler et voir de belles oeuvres",Presque jamais (0-20% du temps),,non,"J'aime bien, je regarde de temps en temps et j'apprécie dans certains contextes",Non,J'aime bien,,Les applications mobiles,"plus simple, plus fluide",Non,Oui,"Oui, je n'y prête pas d'importance","Ton chaleureux, utilisation de verbes simples et d'anecdotes pour faciliter la compréhension.",
08/10/2025 15:40:11,Une femme,18-25,"Oui, 4 à 8 fois par an","Seul, Avec des amis","Apprendre / s'instruire, Contempler et voir de belles oeuvres",Presque jamais (0-20% du temps),Les audios guides sont souvent payants en plus ,non,"J'aime bien, je regarde de temps en temps et j'apprécie dans certains contextes",Oui,J'aime beaucoup,Ça permet de pas avoir de coût en plus,L'audioguide classique,Si c’est gratuit je préfère quand même l’effet de l’audio guide classique pour ne pas dépendre tout le temps du téléphone et du réseau ,Oui,Oui,"Oui, je n'y prête pas d'importance","Ton chaleureux, utilisation de verbes simples et d'anecdotes pour faciliter la compréhension.",
08/10/2025 15:41:08,Une femme,18-25,"Oui, 4 à 8 fois par an","En famille, Avec des amis","Apprendre / s'instruire, Contempler et voir de belles oeuvres, Passer du temps avec vos proches, Vous divertir",A de rares occasions (20-40% du temps),Si j’ai besoin d’informations et qu’il n’y a rien en papier ou si audio guide est payant je ne prends pas ,,"J'aime bien, je regarde de temps en temps et j'apprécie dans certains contextes",Non,J'aime bien,Si il y a de la connexion oui ,L'audioguide classique,"C’est plus sympas et ambiance musee, économisée de la batterie ",Oui,Oui,"Oui, encore plus","Ton chaleureux, utilisation de verbes simples et d'anecdotes pour faciliter la compréhension.",
08/10/2025 15:43:31,Une femme,25-40,"Oui, 1 à 4 fois par an","En famille, Avec des amis","Apprendre / s'instruire, Contempler et voir de belles oeuvres, Passer du temps avec vos proches, Vous divertir",Presque jamais (0-20% du temps),Avoir plus d’informations ,non,"Je n'aime pas du tout, je ne regarde jamais et trouve que cela parasite l'expérience",Non,Je n'aime pas,"Ca implique de télécharger une appli et de donner mes infos tels que numéro, mail, date de naissance, etc ",L'audioguide classique,Pour ne pas interagir avec mon téléphone ,Non,Oui,"Oui, je n'y prête pas d'importance","Ton neutre, sans trop d'émotions pour délivrer une information concise et efficace.",
08/10/2025 15:50:52,Une femme,40-65,"Oui, 1 à 4 fois par an",En famille,"Contempler et voir de belles oeuvres, Passer du temps avec vos proches",Parfois (40-60% du temps),Avoir l’information directement sans devoir lire,non,"J'aime beaucoup, ça me permet de compléter la visite et je regarde souvent",Non,J'aime bien,Pratique,L'audioguide classique,Pas besoin de télécharger … ,Non,Oui,"Oui, je n'y prête pas d'importance","Ton chaleureux, utilisation de verbes simples et d'anecdotes pour faciliter la compréhension.",
08/10/2025 16:01:00,Un homme,25-40,"Oui, 1 à 4 fois par an",En famille,"Apprendre / s'instruire, Vous divertir",A de rares occasions (20-40% du temps),Avoir des infos pertinentes en plus ,non,"J'aime bien, je regarde de temps en temps et j'apprécie dans certains contextes",Non,J'aime bien,Pratique ,L'audioguide classique,Ça évite d’être sur son téléphone personnel,Oui,Oui,"Oui, encore plus","Ton chaleureux, utilisation de verbes simples et d'anecdotes pour faciliter la compréhension.",
08/10/2025 16:07:00,Une femme,18-25,"Oui, 4 à 8 fois par an","Seul, En famille, Avec des amis","Apprendre / s'instruire, Contempler et voir de belles oeuvres",A de rares occasions (20-40% du temps),Prix/ longueur des explications orales par œuvre ,non,"J'aime bien, je regarde de temps en temps et j'apprécie dans certains contextes",Oui,J'aime bien,Pratique car tout le monde a un téléphone ,L'audioguide classique,Ça m’évite quand même d’installer une application ,Oui,Oui,"Oui, je n'y prête pas d'importance","Ton chaleureux, utilisation de verbes simples et d'anecdotes pour faciliter la compréhension.",Bravo pour ton mémoire ! Hélo 
08/10/2025 16:10:14,Un homme,25-40,"Oui, 1 à 4 fois par an","Seul, Avec des amis","Apprendre / s'instruire, Contempler et voir de belles oeuvres",Presque jamais (0-20% du temps),Le tarif,non,"Je n'aime pas trop, je n'utilise pas instinctivement et préfère juste écouter l'audio",Non,J'aime beaucoup,,Les applications mobiles,,Oui,Oui,"Oui, encore plus","Ton neutre, sans trop d'émotions pour délivrer une information concise et efficace.",
08/10/2025 16:12:18,Un homme,18-25,"Oui, 1 à 4 fois par an","En famille, Avec des amis","Apprendre / s'instruire, Contempler et voir de belles oeuvres",Parfois (40-60% du temps),Avoir des informations supplémentaires qui ont leurs importances + s'introduire plus facilement dans l'univers + la facilité et la liberté de mouvement,non,"J'aime beaucoup, ça me permet de compléter la visite et je regarde souvent",Non,J'aime beaucoup,"Parce que l'essentiel des informations passent par le biais de nos téléphones. C'est également facile à utiliser et me paraît être la suite logique des choses. Il est également possible de se connecter à ses airpods, donc pas nécessaire d'avoir un fil qui connecte les écouteurs à l'audioguide.",Les applications mobiles,Plus simple et au goût du jour.,Oui,Non,"Oui, je n'y prête pas d'importance","Ton chaleureux, utilisation de verbes simples et d'anecdotes pour faciliter la compréhension.",
08/10/2025 16:15:30,Une femme,65+,"Oui, 4 à 8 fois par an",Seul,"Apprendre / s'instruire, Contempler et voir de belles oeuvres",Souvent (60-80% du temps),Mieux comprendre ,oui,"Je n'aime pas trop, je n'utilise pas instinctivement et préfère juste écouter l'audio",Non,Je n'aime pas,Difficile de télécharger.....pas d'écouteurs.....,L'audioguide classique,Trop compliqué ,Non,Non,"Non, je n'y prête pas d'importance","Ton soutenu, vocabulaire technique, permettant l'exactitude et la qualité de l'information.",
08/10/2025 16:16:02,Une femme,40-65,"Oui, 1 à 4 fois par an",En famille,"Apprendre / s'instruire, Contempler et voir de belles oeuvres, Vous divertir",Parfois (40-60% du temps),"Pour avoir des explications claires, précises et complètes. ",oui,"Je n'aime pas trop, je n'utilise pas instinctivement et préfère juste écouter l'audio",Oui,J'aime bien,On fait défiler à notre rythme les explications et c'est sur mon smartphone personnel. ,L'audioguide classique,"Je n'ai pas envie d'utiliser le smartphone dans tous les domaines,  le travail,  l'école,  les loisirs, la détente.....",Oui,Oui,"Oui, je n'y prête pas d'importance","Ton chaleureux, utilisation de verbes simples et d'anecdotes pour faciliter la compréhension.",
08/10/2025 16:24:03,Une femme,18-25,"Oui, 1 à 4 fois par an","Seul, En famille, Avec des amis","Contempler et voir de belles oeuvres, Vous reposer, Vous divertir",A de rares occasions (20-40% du temps),"Car il y a souvent la queue et je préfère ne pas être déranger par un audio guide et lire moi même les textes inscrit, l’histoire ne m’intéresse pas forcément (oups) ",non,"J'aime bien, je regarde de temps en temps et j'apprécie dans certains contextes",Oui,J'aime beaucoup,"C’est plus pratique, ça ne demande pas de faire la queue pour le récupérer, on connaît déjà le support (notre téléphone). Après si c’est une application ça peut être un peu « contraignant » de devoir installer l’application, peut être le faire sur un site internet serait plus intelligent mais effectivement moins efficace peut être. ",Les applications mobiles,"Ça reste tout de même plus pratique et on peut faire plus de choses avec.  Un peu comme l’application de Disney Land qui est utilisé juste pour le parc mais très utile.  ( Je sais c’est pas le même contexte mais c’est pour dire que même si c’est moins efficace de télécharger une appli au moins quand elle est téléchargée, elle serre bien à quelque chose) ",Oui,Non,"Oui, je change d'avis","Ton chaleureux, utilisation de verbes simples et d'anecdotes pour faciliter la compréhension.","Je voulais juste faire une remarque au vue de la création d’une application. Ça serait vraiment cool qu’il existe effectivement une application qui répertorie toutes les expos et musées car pour le téléchargement il y aurait une vrai utilité. Plutôt que d’utiliser plusieurs applis par musée. 
Voilà merci guilhem! J’espère que mes réponses vont t’aider ehh"
08/10/2025 16:25:27,Un homme,40-65,"Oui, 1 à 4 fois par an",En famille,"Apprendre / s'instruire, Contempler et voir de belles oeuvres",Souvent (60-80% du temps),Pour traduction en français à l'étranger,oui,"J'aime bien, je regarde de temps en temps et j'apprécie dans certains contextes",Oui,J'aime bien,Pratique et consultable après visite ,L'audioguide classique,Car pas toujours d'écouteur pour le mobile,Oui,Oui,"Oui, je n'y prête pas d'importance","Ton chaleureux, utilisation de verbes simples et d'anecdotes pour faciliter la compréhension.",
08/10/2025 16:27:39,Un homme,18-25,"Oui, 1 à 4 fois par an","En famille, Avec des amis","Apprendre / s'instruire, Contempler et voir de belles oeuvres",Presque jamais (0-20% du temps),"L’audioguide détourne souvent mon attention et fait rater des détails, etc. ",non,"J'aime bien, je regarde de temps en temps et j'apprécie dans certains contextes",Non,Je n'aime pas,Je trouve que ça casse un peu le côté historique du musée justement. Mais + pratique que l’audioguide classique.,Les applications mobiles,Plus pratique ,Oui,Non,"Oui, je change d'avis","Ton soutenu, vocabulaire technique, permettant l'exactitude et la qualité de l'information.",
08/10/2025 16:30:56,Une femme,40-65,"Oui, 1 à 4 fois par an","Seul, En famille","Contempler et voir de belles oeuvres, Vous divertir",Presque jamais (0-20% du temps),"Je n'apprécie pas les audioguides , je trouve que ça  présente très peu d'intérêt de regarder un écran lors d'une visite je préfère découvrir directement avec mes yeux, sans avoir un tas d'informations qui peuvent être parfois inutiles ",non,"Je n'aime pas du tout, je ne regarde jamais et trouve que cela parasite l'expérience",Non,Je n'aime pas du tout,Comme il est très justement mentionné dans les propositions de réponses'' ça parasite l'expérience ''( pour moi c'est tout à fait ça) et je préfère lire les affichages- panneaux,,Aucune des 2 ...les gens passent assez de temps sur des écrans pour en faire encore autant dans un musée ,Non,Non,"Non, je n'y prête pas d'importance","Ton chaleureux, utilisation de verbes simples et d'anecdotes pour faciliter la compréhension.",Je regrette cette époque par le fait que les gens ne savent plus apprécier de belles visites sans être accroché à leur téléphone pour prendre tout en photo ou avoir les yeux  sur un audioguide
08/10/2025 16:32:18,Une femme,18-25,"Oui, 1 à 4 fois par an","En famille, Avec des amis","Apprendre / s'instruire, Contempler et voir de belles oeuvres",Presque jamais (0-20% du temps),je n’ai jamais testé mais je pense que ça me déconcentrerait et de plus il me semble que c’est souvent payant,non,"Je n'aime pas du tout, je ne regarde jamais et trouve que cela parasite l'expérience",Non,J'aime bien,probablement plus fluide d’utilisation et moins encombrant ,Les applications mobiles,meme reponse ,Oui,Oui,"Oui, encore plus","Ton chaleureux, utilisation de verbes simples et d'anecdotes pour faciliter la compréhension.","dans une des questions il est demandé si on utiliserait l’application après la visite (j’ai peut être raté le pendant, mais je trouve cela plus pertinent pendant qu’après)"
08/10/2025 16:33:41,Un homme,40-65,"Oui, 1 à 4 fois par an",En famille,"Apprendre / s'instruire, Contempler et voir de belles oeuvres",Souvent (60-80% du temps),Besoin d'entendre pour comprendre ,non,"J'aime beaucoup, ça me permet de compléter la visite et je regarde souvent",Oui,J'aime beaucoup,Facilité de prise en main,Les applications mobiles,Habitude ...,Oui,Non,"Non, je n'y prête pas d'importance","Ton chaleureux, utilisation de verbes simples et d'anecdotes pour faciliter la compréhension.",
08/10/2025 16:33:47,Une femme,18-25,"Oui, 1 à 4 fois par an","En famille, Avec des amis","Apprendre / s'instruire, Contempler et voir de belles oeuvres, Passer du temps avec vos proches",Parfois (40-60% du temps),"Si il est gratuit, si j’y vais pour visiter un musée d’histoire",non,"J'aime bien, je regarde de temps en temps et j'apprécie dans certains contextes",Oui,J'aime bien,"C’est intuitif, ça ne prend pas de place (pas besoin de porter un audioguide en plus). Ce qui me freine : lorsqu’il faut installer une appli ou se créer un compte ",L'audioguide classique,J’aime regarder l’œuvre et avoir la description en même temps. Sur une application mobile on a pas mal les yeux sur l’écran ,Non,Oui,"Oui, je n'y prête pas d'importance","Ton neutre, sans trop d'émotions pour délivrer une information concise et efficace.",
08/10/2025 16:34:34,Une femme,40-65,"Oui, 1 à 4 fois par an",En famille,"Apprendre / s'instruire, Contempler et voir de belles oeuvres, Passer du temps avec vos proches, Vous divertir",A de rares occasions (20-40% du temps),"Il n’y en a pas toujours
Ça dépend des autres propositions en particulier des visites guidées (je préfère)
Ça dépend du surcoût ",non,"Je n'aime pas trop, je n'utilise pas instinctivement et préfère juste écouter l'audio",Oui,J'aime bien,C’est plus simple à mon avis et plus hygiénique ,Les applications mobiles,Cf plus haut…,Non,Oui,"Oui, je n'y prête pas d'importance","Ton chaleureux, utilisation de verbes simples et d'anecdotes pour faciliter la compréhension.",
08/10/2025 16:42:16,Une femme,40-65,"Oui, 4 à 8 fois par an",En famille,"Apprendre / s'instruire, Contempler et voir de belles oeuvres, Passer du temps avec vos proches, Vous divertir",Parfois (40-60% du temps),"Ce qui pousse : bien comprendre les œuvres ou l'exposition ; ce qui rebute : la longueur trop importante de certains commentaires, mais aussi le fait qu'on ne se parle plus entre nous si chacun a son écouteur !",oui,"Je n'aime pas trop, je n'utilise pas instinctivement et préfère juste écouter l'audio",Non,J'aime beaucoup,Afin de ne pas multiplier les supports qui ne sont pas très écologiques !,L'audioguide classique,Parce que pour le moment mon téléphone n'a pas trop de mémoire pour installer des applications !!!!,Oui,Oui,"Oui, encore plus","Ton neutre, sans trop d'émotions pour délivrer une information concise et efficace.",
08/10/2025 16:46:43,Un homme,18-25,"Oui, 1 à 4 fois par an","Avec des amis, Cadre scolaire / universitaire","Apprendre / s'instruire, Contempler et voir de belles oeuvres, Passer du temps avec vos proches, Vous divertir",Presque jamais (0-20% du temps),"Pour des soucis de langues, pour mieux comprendre, parce que c'est parfois ludique",non,"J'aime bien, je regarde de temps en temps et j'apprécie dans certains contextes",Oui,J'aime beaucoup,"C'est ludique, plus attractif ",L'audioguide classique,Pour je pas à avoir a désinstaller une application après ,Oui,Oui,"Oui, je n'y prête pas d'importance","Ton chaleureux, utilisation de verbes simples et d'anecdotes pour faciliter la compréhension.",
08/10/2025 16:49:11,Un homme,18-25,Non,,,,,,,,,,,,,,,,
08/10/2025 16:49:44,Une femme,12-18,"Oui, 4 à 8 fois par an",En famille,Contempler et voir de belles oeuvres,Parfois (40-60% du temps),Pour mieux comprendre.,oui,"J'aime bien, je regarde de temps en temps et j'apprécie dans certains contextes",Non,J'aime bien,"C'est très bien mais pour ce qui n'ont pas de téléphone (ex: enfants),c'est pas terrible.",L'audioguide classique,C'est parfois plus simple et rapide.,Oui,Oui,"Oui, encore plus","Ton chaleureux, utilisation de verbes simples et d'anecdotes pour faciliter la compréhension.",
08/10/2025 16:52:55,Une femme,18-25,Non,"En famille, Avec des amis","Contempler et voir de belles oeuvres, Passer du temps avec vos proches",Souvent (60-80% du temps),"Ça dépend du musée, ça dépend de l’exposition ",non,"J'aime bien, je regarde de temps en temps et j'apprécie dans certains contextes",Non,J'aime bien,Pourquoi pas ! Ça peut être une bonne idée et une bonne solution pour s’instruire tout en s’amusant ,Les applications mobiles,"Je serai plus à l’aise je pense, après l’audio guide classique me va aussi mais j’aime pas les écouteurs généralement fourni :(",Non,Oui,"Oui, je n'y prête pas d'importance","Ton chaleureux, utilisation de verbes simples et d'anecdotes pour faciliter la compréhension.",Courage pour ton mémoire ! 
08/10/2025 16:58:25,Une femme,25-40,"Oui, 1 à 4 fois par an",En famille,"Apprendre / s'instruire, Contempler et voir de belles oeuvres, Passer du temps avec vos proches",Presque jamais (0-20% du temps),Enfants trop jeunes donc difficulté à prendre le temps d'écouter l'audioguide,non,"Je n'aime pas trop, je n'utilise pas instinctivement et préfère juste écouter l'audio",Non,J'aime bien,Plus simple moins d'objets en mains,Les applications mobiles,Si c'est fluide dans l'accès en appli sinon je prends l'audio guide classique,Oui,Oui,"Non, je n'y prête pas d'importance","Ton chaleureux, utilisation de verbes simples et d'anecdotes pour faciliter la compréhension.",
08/10/2025 17:10:58,Un homme,18-25,Non,,,,,,,,,,,,,,,,
08/10/2025 17:22:58,Une femme,40-65,"Oui, 4 à 8 fois par an","En famille, Cadre scolaire / universitaire","Apprendre / s'instruire, Vous divertir",Souvent (60-80% du temps),Éviter de lire les panneaux ,non,"J'aime bien, je regarde de temps en temps et j'apprécie dans certains contextes",Non,J'aime bien,En direct,L'audioguide classique,Évite de télécharger une application ,Oui,Non,"Non, je change d'avis","Ton chaleureux, utilisation de verbes simples et d'anecdotes pour faciliter la compréhension.",
08/10/2025 17:29:04,Un homme,18-25,"Oui, environ tous les mois","Seul, En famille","Apprendre / s'instruire, Contempler et voir de belles oeuvres, Passer du temps avec vos proches",Presque jamais (0-20% du temps),"1. L’audioguide est parfois payant  2. L’audioguide ne m’est pas forcément nécessaire et m’empêche d’avoir une réflexion critique vis-à-vis des oeuvres (position passive en tant que visiteur si je suis l’audioguide). 3. L’audioguide me destabilise et me rend moins libre dans ma visite (trop d’informations à gérer : visiteurs autour de moi, oeuvres à regarder, écouter dans le flux des visiteurs…)",non,,Non,Je n'aime pas,"Quand je vais au musée, c’est l’un des seuls moments où je peux me divertir, me reposer et passer un bon moment sans distraction numérique. Je ne suis pas sûr qu’il soit nécessaire d’avoir un écran supplémentaire dans ce cadre là, mais ce n’est que mon opinion.",L'audioguide classique,"Parce qu’il faudrait installer l’application, et je préfère me couper de mes notifications pour me concentrer dans la visite.",Non,Oui,"Non, encore moins","Ton neutre, sans trop d'émotions pour délivrer une information concise et efficace.",
08/10/2025 17:39:25,Un homme,40-65,"Oui, 1 à 4 fois par an",En famille,"Apprendre / s'instruire, Contempler et voir de belles oeuvres",Presque jamais (0-20% du temps),,oui,"Je n'aime pas du tout, je ne regarde jamais et trouve que cela parasite l'expérience",Non,J'aime bien,Facilite,L'audioguide classique,Rien à installé,Oui,Oui,"Oui, j'y prête une importance","Ton chaleureux, utilisation de verbes simples et d'anecdotes pour faciliter la compréhension.",
08/10/2025 17:41:12,Un homme,18-25,"Oui, 1 à 4 fois par an","En famille, Avec des amis","Apprendre / s'instruire, Contempler et voir de belles oeuvres, Passer du temps avec vos proches, Vous divertir",Presque jamais (0-20% du temps),,non,"J'aime bien, je regarde de temps en temps et j'apprécie dans certains contextes",Non,J'aime bien,,Les applications mobiles,,Oui,Oui,"Oui, j'y prête une importance","Ton soutenu, vocabulaire technique, permettant l'exactitude et la qualité de l'information.",
08/10/2025 18:02:18,Une femme,18-25,"Oui, 1 à 4 fois par an","Seul, En famille, Avec des amis, Cadre scolaire / universitaire","Apprendre / s'instruire, Contempler et voir de belles oeuvres, Vous divertir",Presque jamais (0-20% du temps),"des fois juste besoin de regarder sans avoir des écouteurs souvent pas agréables et des voix un peu robotisées, pas très moderne quoi ",non,"J'aime bien, je regarde de temps en temps et j'apprécie dans certains contextes",Non,J'aime beaucoup,"déjà tu peux mettre tes propres écouteurs, c’est bête mais c’est déjà plus agréable, ensuite peut être qu’il y aurait plus de possibilités : si sur le moment on veut plutôt lire qu’écouter (ou l’inverse) 
ensuite l’interface peut être + sympa et moderne comme on aime donc ça peut aider 
quelque chose de pas vieux enfait on veut 
peut être voir aussi pour plusieurs versions ? jsp mais quand on est jeune on a besoin que ça aille vite, qu’il y ait pleins d’anecdotes avec du langage peut être plus courant que pour des personnes plus âgées qui préfèrent les choses plus formelles ",Les applications mobiles,+ pratique et pour les raisons que j’ai mis au dessus ,Oui,Oui,"Oui, encore plus","Ton chaleureux, utilisation de verbes simples et d'anecdotes pour faciliter la compréhension.",bon courage mon guigui !! (zoé)
08/10/2025 18:02:39,Un homme,18-25,"Oui, 4 à 8 fois par an","Seul, En famille, Avec des amis","Contempler et voir de belles oeuvres, Passer du temps avec vos proches, Vous divertir",Presque jamais (0-20% du temps),Je le prends que c’est obligatoire ou fortement fortement recommandé ou gratuit ,non,"J'aime bien, je regarde de temps en temps et j'apprécie dans certains contextes",Oui,J'aime bien,Facile d’utilité,L'audioguide classique,,Oui,Oui,"Non, je n'y prête pas d'importance","Ton chaleureux, utilisation de verbes simples et d'anecdotes pour faciliter la compréhension.",
08/10/2025 18:04:20,Une femme,18-25,"Oui, 4 à 8 fois par an","En famille, Avec des amis","Apprendre / s'instruire, Contempler et voir de belles oeuvres, Passer du temps avec vos proches",Parfois (40-60% du temps),S’instruire ,non,"J'aime beaucoup, ça me permet de compléter la visite et je regarde souvent",Oui,J'aime beaucoup,Plus facile ,L'audioguide classique,Pratique ,Oui,Oui,"Oui, j'y prête une importance","Ton chaleureux, utilisation de verbes simples et d'anecdotes pour faciliter la compréhension.",
08/10/2025 18:22:30,Une femme,18-25,"Oui, plusieurs fois par mois","Seul, Avec des amis","Apprendre / s'instruire, Contempler et voir de belles oeuvres, Vous divertir",Presque jamais (0-20% du temps),Je préfère discuter de mon ressenti avec les personnes qui m'entoure / j'apprécie plus le calme ,non,"Je n'aime pas trop, je n'utilise pas instinctivement et préfère juste écouter l'audio",Non,J'aime bien,C'est moins contraignant d'un point de vue pratique ,L'audioguide classique,Je préfère avoir le sentiment d'être déconnectée de mon téléphone ,Oui,Oui,"Oui, j'y prête une importance","Ton chaleureux, utilisation de verbes simples et d'anecdotes pour faciliter la compréhension.",Bon courage !! 
08/10/2025 18:45:18,Une femme,40-65,"Oui, 4 à 8 fois par an","En famille, Avec des amis","Apprendre / s'instruire, Vous divertir",Parfois (40-60% du temps),Avoir un complément d’info,non,"J'aime bien, je regarde de temps en temps et j'apprécie dans certains contextes",Non,Je n'aime pas,"Utiliser son téléphone « coupe » dans la concentration car possibilité de réception de messages, notifs etc…",L'audioguide classique,Cf ci dessus,Non,Oui,"Non, je n'y prête pas d'importance",,
08/10/2025 18:47:40,Une femme,18-25,"Oui, environ tous les mois","Seul, Avec des amis","Apprendre / s'instruire, Contempler et voir de belles oeuvres",A de rares occasions (20-40% du temps),Le prix ,oui,"J'aime beaucoup, ça me permet de compléter la visite et je regarde souvent",Oui,J'aime beaucoup,Plus pratique et gratuit !,L'audioguide classique,Audioguide classique si c'est gratuit. Les applications mobiles prennent du stockage de téléphone et mettent du temps à s'installer ,Oui,Non,"Non, je n'y prête pas d'importance","Ton chaleureux, utilisation de verbes simples et d'anecdotes pour faciliter la compréhension.",Bon courage Guilhem pour ton mémoire ! 🫶
08/10/2025 18:50:32,,,,Seul,,,,,,,,,,,,,,,
08/10/2025 18:53:11,Un homme,65+,Non,Seul,Vous reposer,Presque toujours (80-100% du temps),,oui,"J'aime beaucoup, ça me permet de compléter la visite et je regarde souvent",Non,Je n'aime pas,,,,Non,Non,"Non, je n'y prête pas d'importance","Ton chaleureux, utilisation de verbes simples et d'anecdotes pour faciliter la compréhension.",
08/10/2025 20:11:58,Une femme,18-25,"Oui, 4 à 8 fois par an",Seul,"Apprendre / s'instruire, Contempler et voir de belles oeuvres, Vous reposer, Vous divertir",Presque jamais (0-20% du temps),,non,,Oui,J'aime bien,,L'audioguide classique,,Non,Oui,"Non, je n'y prête pas d'importance","Ton chaleureux, utilisation de verbes simples et d'anecdotes pour faciliter la compréhension.",
08/10/2025 20:38:40,Un homme,40-65,"Oui, environ tous les mois",En famille,"Apprendre / s'instruire, Contempler et voir de belles oeuvres, Passer du temps avec vos proches, Vous divertir",A de rares occasions (20-40% du temps),Le sujet ,oui,"J'aime bien, je regarde de temps en temps et j'apprécie dans certains contextes",Oui,J'aime beaucoup,Simple et rapide d’utilisation ,Les applications mobiles,Personnalisé ,Oui,Oui,"Oui, j'y prête une importance","Ton chaleureux, utilisation de verbes simples et d'anecdotes pour faciliter la compréhension.",
08/10/2025 20:45:51,Une femme,18-25,"Oui, environ tous les mois","Seul, Avec des amis","Apprendre / s'instruire, Contempler et voir de belles oeuvres",Parfois (40-60% du temps),Quand je ne le prends pas c’est parce qu’il y a d’autres sources d’explicatives ou que ça ne n’ai pas l’impression que ce soit essentiel. Ou que l’audioguide répète ce qu’il y a déjà d’indiquer ,non,"J'aime bien, je regarde de temps en temps et j'apprécie dans certains contextes",Oui,J'aime bien,,L'audioguide classique,"Pour l’expérience 100% expo, pour vraiment couper avec mon tel ",Oui,Oui,"Non, je n'y prête pas d'importance","Ton chaleureux, utilisation de verbes simples et d'anecdotes pour faciliter la compréhension.",
08/10/2025 21:17:23,Un homme,18-25,"Oui, 1 à 4 fois par an","Seul, En famille, Avec des amis","Apprendre / s'instruire, Contempler et voir de belles oeuvres",Presque jamais (0-20% du temps),"Je préfère visiter « plus librement », à mon propre rythme ",non,"Je n'aime pas trop, je n'utilise pas instinctivement et préfère juste écouter l'audio",Non,J'aime bien,,L'audioguide classique,,Oui,Oui,"Oui, j'y prête une importance",,
08/10/2025 21:19:07,Une femme,40-65,"Oui, 1 à 4 fois par an","En famille, Avec des amis","Apprendre / s'instruire, Contempler et voir de belles oeuvres, Passer du temps avec vos proches",Presque jamais (0-20% du temps),Le surcoût parfois ,non,"J'aime bien, je regarde de temps en temps et j'apprécie dans certains contextes",Non,J'aime bien,C'est pratique ,L'audioguide classique,Ça demande de télécharger l'application je suppose,Oui,Oui,"Oui, j'y prête une importance","Ton neutre, sans trop d'émotions pour délivrer une information concise et efficace.",
08/10/2025 21:30:07,Une femme,18-25,"Oui, 1 à 4 fois par an",Avec des amis,"Contempler et voir de belles oeuvres, Passer du temps avec vos proches",Presque jamais (0-20% du temps),"J'avoue que je ne regarde jamais si les musées proposent des audio guide parce que j'aime bien aller à mon rythme et regarder et lire s'il y'a un petit texte à côté de l'œuvre. Puis j'aime pas trop le fait de porter un casque (déjà porté par 46 milles personnes) avec une petite console et se balader avec, pour moi ça se fait forcément seule vu qu'on écoute un truc ça permet pas forcément l'interaction avec ses potes",non,"Je n'aime pas du tout, je ne regarde jamais et trouve que cela parasite l'expérience",Non,J'aime bien,"Ça peut être sympa parce que ça devient bcp plus accessible, et encore mieux si c'était gratuit 😃",Les applications mobiles,Je répète la réponse mais je trouve ça plus accessible puis aussi le fait que c'est sur mon propre téléphone donc plus hygiénique    ,Oui,Non,"Oui, je change d'avis","Ton chaleureux, utilisation de verbes simples et d'anecdotes pour faciliter la compréhension.",Toppp juste à un moment une question qui se répète un peu je trouve mais sinon je trouve le concept très cool 
08/10/2025 21:55:01,Une femme,18-25,"Oui, 1 à 4 fois par an","Seul, En famille, Avec des amis",Apprendre / s'instruire,Presque jamais (0-20% du temps),Coûte un peu plus cher de prendre un audio guide en général ,non,,Oui,J'aime beaucoup,"C’est plus simple d’utilisation, au niveau de la logistique également ",Les applications mobiles,"L’aspect pratique du téléphone, ne pas avoir plusieurs appareil dans la main. Souvent les audio guides proposés sont assez « anciens » avec des écouteurs filaires qui ne sont plus adaptés… ",Oui,Oui,"Oui, j'y prête une importance","Ton chaleureux, utilisation de verbes simples et d'anecdotes pour faciliter la compréhension.",
08/10/2025 22:33:49,Une femme,18-25,"Oui, 1 à 4 fois par an","En famille, Avec des amis","Contempler et voir de belles oeuvres, Vous divertir",Parfois (40-60% du temps),"Parfois il est obligatoire, lorsqu il ne l’est pas, souvent je ne le prends pas ",non,"J'aime bien, je regarde de temps en temps et j'apprécie dans certains contextes",Non,J'aime bien,,Les applications mobiles,,Oui,Non,"Oui, je change d'avis","Ton chaleureux, utilisation de verbes simples et d'anecdotes pour faciliter la compréhension.",
08/10/2025 22:48:48,Une femme,18-25,"Oui, environ tous les mois","En famille, Avec des amis","Apprendre / s'instruire, Contempler et voir de belles oeuvres",A de rares occasions (20-40% du temps),"Le prix, alors que nous ne sommes pas certains de la valeur ajoutée de prendre un audio guide plutôt que les infos dispo sur notre téléphone ou dans les guides écrits ",non,"J'aime bien, je regarde de temps en temps et j'apprécie dans certains contextes",Non,J'aime beaucoup,Plus pratique ,Les applications mobiles,Plus simple ,Oui,Oui,"Non, je n'y prête pas d'importance","Ton soutenu, vocabulaire technique, permettant l'exactitude et la qualité de l'information.",Bon courage ! 
08/10/2025 22:53:38,Un homme,40-65,"Oui, 4 à 8 fois par an","Seul, En famille, Avec des amis","Apprendre / s'instruire, Contempler et voir de belles oeuvres, Passer du temps avec vos proches, Vous divertir",Presque jamais (0-20% du temps),Il est nécessaire à la visite ,non,"J'aime bien, je regarde de temps en temps et j'apprécie dans certains contextes",Non,Je n'aime pas,"La qualité dépend de la qualité du réseau, du type de téléphone, des capacités de réception data et nécessite des écouteurs que tous n’ont pas. L’utilisation d’un wifi publique n’est pas gage de sécurité et peut mettre en danger l’intégrité du téléphone ",L'audioguide classique,Si sur son propre téléphone pour des raisons de sécurité ,Non,Non,"Non, je change d'avis","Ton soutenu, vocabulaire technique, permettant l'exactitude et la qualité de l'information.",
08/10/2025 23:34:35,Une femme,25-40,"Oui, 4 à 8 fois par an","Seul, En famille, Avec des amis","Apprendre / s'instruire, Contempler et voir de belles oeuvres, Vous reposer",Presque toujours (80-100% du temps),"Je veux apprendre, me plonger dans le contexte et l'histoire du lieu/des objets exposés",oui,"J'aime bien, je regarde de temps en temps et j'apprécie dans certains contextes",Oui,Je n'aime pas,Je n'apprécie pas une application en plus pour les questions RGPD,L'audioguide classique,Pas d'application non-sécurisée en plus sur mon téléphone,Non,Oui,"Non, je n'y prête pas d'importance","Ton chaleureux, utilisation de verbes simples et d'anecdotes pour faciliter la compréhension.","Le point faible des applis est la sensibilité de la protection des donnés personnelles. Mais en soi, pourquoi pas. Pendant les visites j'apprécie le numérique qui peut projeter des photos d'époque ou tout autre moyen pour donner plus de contexte, plus d'ambiance du temps expliqué/époque du peintre/etc. Bon courage pour votre travail!"
08/10/2025 23:54:30,Une femme,18-25,"Oui, 1 à 4 fois par an",Avec des amis,"Apprendre / s'instruire, Contempler et voir de belles oeuvres",Presque jamais (0-20% du temps),Je n’ai jamais essayé l’audioguide mais j’ai l’impression que c’est ennuyeux et pas dynamique ni humain. ,,,Non,J'aime bien,Plus facile d’accès et d’utilisation ,Les applications mobiles,,Oui,Oui,"Oui, encore plus","Ton chaleureux, utilisation de verbes simples et d'anecdotes pour faciliter la compréhension.",
09/10/2025 05:40:45,Une femme,25-40,Non,,,,,,,,,,,,,,,,
09/10/2025 13:31:04,Une femme,18-25,"Oui, 1 à 4 fois par an","En famille, Avec des amis","Apprendre / s'instruire, Vous divertir",Parfois (40-60% du temps),"Apprendre plus de choses sur les oeuvres proposer. N'étant pas spécialiste de l'art, l'uadioguide permet de nous donner une description détaillée des oeuvres ( contexte, artiste etc... ). C'est facile d'utilisation. On se promène et l'uadioguide défile en même temps ce qui rends l'expérience plus vivante. ",non,"J'aime beaucoup, ça me permet de compléter la visite et je regarde souvent",Non,J'aime beaucoup,Pratique,Les applications mobiles,Une application à télécharger peut être plus simple que de récupérer du matériel au musée. C'est plus rapide ,Oui,Oui,"Non, je n'y prête pas d'importance","Ton chaleureux, utilisation de verbes simples et d'anecdotes pour faciliter la compréhension.",Bon courage pour le mémoire. Sujet méga intéressant <3
09/10/2025 15:06:14,Un homme,40-65,"Oui, 1 à 4 fois par an",En famille,"Apprendre / s'instruire, Vous divertir",Presque jamais (0-20% du temps),Information plus complete ,non,"Je n'aime pas du tout, je ne regarde jamais et trouve que cela parasite l'expérience",Oui,J'aime bien,Cela varietas les supports,L'audioguide classique,Réseau parfois defaillant,Oui,Oui,"Oui, j'y prête une importance","Ton neutre, sans trop d'émotions pour délivrer une information concise et efficace.",
09/10/2025 16:09:41,Une femme,25-40,"Oui, 1 à 4 fois par an",Seul,"Apprendre / s'instruire, Contempler et voir de belles oeuvres, Vous divertir",Parfois (40-60% du temps),"Le prix, l’alternative de la visite guidée.",non,"J'aime bien, je regarde de temps en temps et j'apprécie dans certains contextes",Oui,Je n'aime pas,"Ça exclue les personnes n’ayant pas de smartphone.
Trop d’utilisation de la batterie
Pas compatible avec l’appareil photo",L'audioguide classique,Prend de la place dans le téléphone ,Non,Non,"Non, encore moins","Ton chaleureux, utilisation de verbes simples et d'anecdotes pour faciliter la compréhension.",
09/10/2025 17:26:18,Une femme,25-40,"Oui, 1 à 4 fois par an",Seul,"Apprendre / s'instruire, Contempler et voir de belles oeuvres, Vous divertir",A de rares occasions (20-40% du temps),La nécessité d'en apprendre plus sur l'histoire ou le contexte,non,"J'aime bien, je regarde de temps en temps et j'apprécie dans certains contextes",Non,Je n'aime pas,Pas très intéressant et inclusif pour les personnes âgées ou n'ayant pas l'habitude de ce type d'usage,L'audioguide classique,Pas besoin d'installer une appli supplémentaire,Non,Non,"Non, je n'y prête pas d'importance","Ton chaleureux, utilisation de verbes simples et d'anecdotes pour faciliter la compréhension.",
09/10/2025 18:23:11,Une femme,40-65,"Oui, 4 à 8 fois par an","Seul, En famille","Apprendre / s'instruire, Contempler et voir de belles oeuvres",Souvent (60-80% du temps),Pour mieux comprendre l exposition ,non,"Je n'aime pas du tout, je ne regarde jamais et trouve que cela parasite l'expérience",Non,Je n'aime pas du tout,Car je préfère éteindre complètement mon téléphone quand je suis dans un musée ,L'audioguide classique,Pour ne pas regarder mon tel ,Non,Oui,"Non, je n'y prête pas d'importance","Ton chaleureux, utilisation de verbes simples et d'anecdotes pour faciliter la compréhension.",
09/10/2025 18:45:06,Un homme,65+,"Oui, 4 à 8 fois par an",En famille,Contempler et voir de belles oeuvres,A de rares occasions (20-40% du temps),Mieux comprendre ce que je vois,non,"Je n'aime pas trop, je n'utilise pas instinctivement et préfère juste écouter l'audio",Non,J'aime bien,Il me semble que ça pourrait être un plus,Les applications mobiles,Je préfère voir plutôt qu'ecouter,Oui,Oui,"Non, je n'y prête pas d'importance","Ton neutre, sans trop d'émotions pour délivrer une information concise et efficace.",
10/10/2025 08:18:25,Un homme,40-65,"Oui, 1 à 4 fois par an",En famille,"Contempler et voir de belles oeuvres, Passer du temps avec vos proches",Presque jamais (0-20% du temps),Souvent trop de textes et infos sur l'audiovisuel guide . Donc moins de temps pour admirer les œuvres ,non,"J'aime bien, je regarde de temps en temps et j'apprécie dans certains contextes",Oui,J'aime bien,Aussi une question d'hygiène. Je préfère utiliser mon propre appareil ,Les applications mobiles,Facilite de navigation avec mon téléphone que je connais bien,Oui,Oui,"Oui, encore plus","Ton chaleureux, utilisation de verbes simples et d'anecdotes pour faciliter la compréhension.",
10/10/2025 09:53:07,Un homme,40-65,"Oui, 1 à 4 fois par an","En famille, Avec des amis","Apprendre / s'instruire, Contempler et voir de belles oeuvres, Passer du temps avec vos proches",Souvent (60-80% du temps),Se donner la chance d'apprendre davantage et disposer d'un outil ludique,non,"J'aime bien, je regarde de temps en temps et j'apprécie dans certains contextes",Oui,Je n'aime pas,"Trop d'applications téléchargées sur mon tél et, ici, pour un seul usage",L'audioguide classique,Ne pas télécharger une appli de plus,Oui,Oui,"Non, je n'y prête pas d'importance","Ton soutenu, vocabulaire technique, permettant l'exactitude et la qualité de l'information.",
10/10/2025 21:53:15,Une femme,40-65,"Oui, 4 à 8 fois par an","Seul, En famille","Apprendre / s'instruire, Contempler et voir de belles oeuvres",A de rares occasions (20-40% du temps),On devient plus dépendant du rythme de visite imposé ,non,"Je n'aime pas du tout, je ne regarde jamais et trouve que cela parasite l'expérience",Non,Je n'aime pas du tout,,L'audioguide classique,,Non,Non,"Non, je n'y prête pas d'importance",,
12/10/2025 18:14:43,Une femme,25-40,"Oui, environ tous les mois",Seul,"Apprendre / s'instruire, Contempler et voir de belles oeuvres",Presque jamais (0-20% du temps),"Je préfère parfois me rapprocher d'un groupe avec un médiateur et écouter en direct, ou effectuer mon parcours de visite à mon rythme. Je ne ressent pas un besoin d'immersion supplémentaire avec un audioguide car voir les œuvres me suffit !",non,,Non,Je n'aime pas,Je trouve que cela change la façon dont on observe les œuvres et sur notre propre téléphone ça en devient peut-être trop familier dans le sens ou l'on est déjà beaucoup sur notre téléphone..  Je n'arrive pas trop à comprendre pourquoi ce besoin de médiation numérique (sauf peut-être pour les personnes avec un handicap),L'audioguide classique,"Par défaut, car l'audioguide même si c'est une forme de médiation muséale, cela reste ""proposé par le musée"" en utilisant leur outil. ",Non,Non,"Non, je n'y prête pas d'importance","Ton neutre, sans trop d'émotions pour délivrer une information concise et efficace.",
15/10/2025 21:47:31,Une femme,40-65,"Oui, 1 à 4 fois par an","En famille, Avec des amis, Cadre scolaire / universitaire","Apprendre / s'instruire, Contempler et voir de belles oeuvres, Passer du temps avec vos proches, Vous divertir",Souvent (60-80% du temps),le côté payant ou non / l'aspect ludique,oui,"J'aime beaucoup, ça me permet de compléter la visite et je regarde souvent",Non,J'aime beaucoup,pas d'appareil supplémentaire,Les applications mobiles,"je connais mon portable, les liens et l'approche ",Oui,Oui,"Oui, j'y prête une importance","Ton soutenu, vocabulaire technique, permettant l'exactitude et la qualité de l'information.",